cl_10452102	3
cl_10478329	3
cl_12198012	3
cl_1308396	3
cl_1309457	3
cl_13805543	3
cl_1432793	3
cl_378532	3
cl_5910689	3
cl_6047229	3
cl_6262262	3
cl_6890668	3
cl_7349858	3
cl_7599639	3
cl_7732374	3
cl_7934063	3
cl_8328357	3
cl_1003528	2
cl_10042258	2
cl_10050807	2
cl_10064523	2
cl_10074854	2
cl_1007498	2
cl_10085154	2
cl_10111547	2
cl_10112958	2
cl_1012611	2
cl_10148402	2
cl_1016116	2
cl_10175692	2
cl_10185523	2
cl_1019997	2
cl_10201110	2
cl_1020394	2
cl_10205100	2
cl_10213564	2
cl_10240350	2
cl_10255609	2
cl_10255949	2
cl_10271475	2
cl_10282107	2
cl_10283678	2
cl_10308279	2
cl_10323065	2
cl_10323692	2
cl_10343294	2
cl_10347615	2
cl_10375556	2
cl_10386079	2
cl_10396885	2
cl_104042	2
cl_10417287	2
cl_10423088	2
cl_10440106	2
cl_10469743	2
cl_10470968	2
cl_10491374	2
cl_10494280	2
cl_10495948	2
cl_10504051	2
cl_10509975	2
cl_10527130	2
cl_10539184	2
cl_10540468	2
cl_10540646	2
cl_10569098	2
cl_10592080	2
cl_10593469	2
cl_10593727	2
cl_10596398	2
cl_106060	2
cl_10617684	2
cl_10619910	2
cl_10626776	2
cl_10634005	2
cl_10647086	2
cl_10652116	2
cl_10654257	2
cl_10668490	2
cl_10694345	2
cl_10694743	2
cl_10697446	2
cl_10699422	2
cl_10702788	2
cl_10747034	2
cl_10749509	2
cl_10765174	2
cl_10782694	2
cl_10786980	2
cl_10795544	2
cl_10800902	2
cl_10805801	2
cl_10806193	2
cl_10816569	2
cl_10867330	2
cl_10878294	2
cl_10878644	2
cl_10884794	2
cl_10896320	2
cl_10903759	2
cl_10905811	2
cl_10912542	2
cl_10928985	2
cl_10953881	2
cl_10955320	2
cl_10957021	2
cl_10968564	2
cl_10971693	2
cl_10972379	2
cl_10975039	2
cl_10976426	2
cl_10982567	2
cl_10982598	2
cl_10995845	2
cl_11000661	2
cl_11019696	2
cl_11033656	2
cl_11036595	2
cl_1103848	2
cl_11047890	2
cl_11057011	2
cl_11059802	2
cl_1106273	2
cl_11064376	2
cl_11070658	2
cl_11073058	2
cl_11074672	2
cl_11092674	2
cl_11112060	2
cl_11125040	2
cl_11137768	2
cl_11146238	2
cl_11151103	2
cl_11152650	2
cl_11155023	2
cl_1117755	2
cl_1118198	2
cl_11183722	2
cl_11189405	2
cl_11192975	2
cl_11224982	2
cl_11227604	2
cl_11232718	2
cl_11261227	2
cl_11268218	2
cl_11277543	2
cl_11280500	2
cl_11284947	2
cl_11285062	2
cl_11290000	2
cl_11299429	2
cl_11302332	2
cl_11306285	2
cl_11309855	2
cl_11312845	2
cl_11330964	2
cl_11330995	2
cl_11332097	2
cl_11343988	2
cl_11354098	2
cl_11393812	2
cl_11397342	2
cl_11404268	2
cl_11406617	2
cl_11435274	2
cl_11435940	2
cl_11460686	2
cl_11470011	2
cl_11471255	2
cl_1147230	2
cl_11475228	2
cl_11482779	2
cl_11492230	2
cl_11497032	2
cl_11513433	2
cl_1151761	2
cl_11529188	2
cl_11537261	2
cl_11541715	2
cl_11541926	2
cl_11559642	2
cl_11566377	2
cl_11615232	2
cl_11617412	2
cl_11626446	2
cl_11642271	2
cl_11650715	2
cl_11656300	2
cl_11656464	2
cl_11671930	2
cl_11680770	2
cl_11701119	2
cl_11713882	2
cl_11748645	2
cl_11754358	2
cl_11758781	2
cl_11762763	2
cl_1176829	2
cl_11768618	2
cl_11820857	2
cl_11824607	2
cl_11849195	2
cl_11855529	2
cl_118565	2
cl_11856646	2
cl_1186344	2
cl_11869579	2
cl_11894187	2
cl_11894737	2
cl_11898075	2
cl_1189862	2
cl_11914898	2
cl_119324	2
cl_11933267	2
cl_1193568	2
cl_11937828	2
cl_11946318	2
cl_11955258	2
cl_11959654	2
cl_11961202	2
cl_11970925	2
cl_11981744	2
cl_11987659	2
cl_12017138	2
cl_12046800	2
cl_12058444	2
cl_12065872	2
cl_12081999	2
cl_12083085	2
cl_12091749	2
cl_12092826	2
cl_12097979	2
cl_12113384	2
cl_12130948	2
cl_12131365	2
cl_12141602	2
cl_12161106	2
cl_12172067	2
cl_12184172	2
cl_12194797	2
cl_12199	2
cl_12200651	2
cl_12224471	2
cl_12230410	2
cl_12240185	2
cl_12250102	2
cl_12252782	2
cl_12279642	2
cl_12296598	2
cl_12300692	2
cl_12307380	2
cl_12320062	2
cl_1232149	2
cl_12321580	2
cl_12322920	2
cl_12341076	2
cl_12344523	2
cl_12350082	2
cl_1235230	2
cl_12354410	2
cl_12368841	2
cl_12369467	2
cl_12370987	2
cl_12391022	2
cl_12391545	2
cl_12394026	2
cl_12396163	2
cl_12402775	2
cl_12404516	2
cl_12438741	2
cl_1246007	2
cl_12467164	2
cl_12468180	2
cl_1249130	2
cl_12492405	2
cl_12498614	2
cl_12519897	2
cl_12543084	2
cl_1254874	2
cl_12567231	2
cl_12570590	2
cl_12581169	2
cl_12582142	2
cl_12596715	2
cl_12617563	2
cl_12626142	2
cl_12646614	2
cl_12701308	2
cl_12705865	2
cl_12719438	2
cl_12721101	2
cl_12736908	2
cl_12753289	2
cl_12777290	2
cl_12795345	2
cl_1281904	2
cl_12819820	2
cl_12820494	2
cl_12825873	2
cl_12829763	2
cl_12832025	2
cl_12844596	2
cl_12855841	2
cl_1286612	2
cl_12869503	2
cl_12873905	2
cl_12899127	2
cl_12913728	2
cl_12929193	2
cl_12948379	2
cl_12949104	2
cl_12950	2
cl_12951460	2
cl_12951885	2
cl_12957108	2
cl_12958477	2
cl_12961726	2
cl_12965857	2
cl_12974950	2
cl_12979907	2
cl_1298053	2
cl_12987218	2
cl_12991780	2
cl_12996544	2
cl_13007145	2
cl_13017765	2
cl_13023038	2
cl_13036986	2
cl_13061014	2
cl_13064286	2
cl_13065225	2
cl_13082802	2
cl_13127284	2
cl_13133002	2
cl_1314163	2
cl_13153601	2
cl_13167473	2
cl_13177136	2
cl_1317895	2
cl_13192644	2
cl_1320252	2
cl_13204703	2
cl_13208810	2
cl_1321231	2
cl_13213624	2
cl_13224020	2
cl_13233319	2
cl_13259520	2
cl_13261357	2
cl_13279109	2
cl_13280870	2
cl_13300417	2
cl_13310569	2
cl_13310939	2
cl_13319335	2
cl_13322704	2
cl_13338617	2
cl_13344464	2
cl_13349289	2
cl_13352107	2
cl_13357689	2
cl_13364774	2
cl_13367705	2
cl_13386599	2
cl_13392835	2
cl_13397276	2
cl_13402688	2
cl_13407276	2
cl_13413335	2
cl_13413926	2
cl_13414347	2
cl_13428412	2
cl_13434039	2
cl_13480033	2
cl_13497776	2
cl_13508028	2
cl_13512381	2
cl_13542981	2
cl_135462	2
cl_13550537	2
cl_13564677	2
cl_13566238	2
cl_13571391	2
cl_13594404	2
cl_13595703	2
cl_1360864	2
cl_13611495	2
cl_13612541	2
cl_13640783	2
cl_13645132	2
cl_13648854	2
cl_13653389	2
cl_13657360	2
cl_13665143	2
cl_13679523	2
cl_13680728	2
cl_13688317	2
cl_13692981	2
cl_13703636	2
cl_1371593	2
cl_13747843	2
cl_13756266	2
cl_137569	2
cl_13762695	2
cl_13763589	2
cl_13768756	2
cl_13782639	2
cl_13786777	2
cl_13790467	2
cl_13792169	2
cl_13793085	2
cl_13793452	2
cl_13826671	2
cl_13834212	2
cl_13859849	2
cl_13860588	2
cl_13863154	2
cl_13876331	2
cl_13878842	2
cl_13879182	2
cl_13897403	2
cl_13898077	2
cl_13904830	2
cl_13914013	2
cl_13918669	2
cl_13929695	2
cl_13937829	2
cl_13943540	2
cl_13955294	2
cl_13958231	2
cl_13967489	2
cl_13975498	2
cl_1397736	2
cl_13977743	2
cl_13979422	2
cl_13983838	2
cl_13986391	2
cl_13994878	2
cl_14019493	2
cl_140221	2
cl_14022312	2
cl_14030644	2
cl_14035945	2
cl_14038361	2
cl_14039380	2
cl_14047088	2
cl_14056180	2
cl_14057572	2
cl_140675	2
cl_14076603	2
cl_1407927	2
cl_14087174	2
cl_14100865	2
cl_14102451	2
cl_14118154	2
cl_14127941	2
cl_14145702	2
cl_1414653	2
cl_14149383	2
cl_14155338	2
cl_14169489	2
cl_14179606	2
cl_14181193	2
cl_14188989	2
cl_14195021	2
cl_1420489	2
cl_14205823	2
cl_14207468	2
cl_14208396	2
cl_14208594	2
cl_14209736	2
cl_14218355	2
cl_14222666	2
cl_14227941	2
cl_14245510	2
cl_14252837	2
cl_14273968	2
cl_14278198	2
cl_14280925	2
cl_14303000	2
cl_14314448	2
cl_14316308	2
cl_14330857	2
cl_1434762	2
cl_14371601	2
cl_14373017	2
cl_14374674	2
cl_1437791	2
cl_1438124	2
cl_14381279	2
cl_14387152	2
cl_14397461	2
cl_14403636	2
cl_14416349	2
cl_14421489	2
cl_14442524	2
cl_14467720	2
cl_14472230	2
cl_14498310	2
cl_14498484	2
cl_14506201	2
cl_14510388	2
cl_14512128	2
cl_14518670	2
cl_14540694	2
cl_14543034	2
cl_14544908	2
cl_14546673	2
cl_14550743	2
cl_14555385	2
cl_14586813	2
cl_14589850	2
cl_14612668	2
cl_14615928	2
cl_14624915	2
cl_14637821	2
cl_14642002	2
cl_1464536	2
cl_14658100	2
cl_14665692	2
cl_14667983	2
cl_14692957	2
cl_14775581	2
cl_14781890	2
cl_14782629	2
cl_14783365	2
cl_14788500	2
cl_14817644	2
cl_1482208	2
cl_14869622	2
cl_14870731	2
cl_14933344	2
cl_14970880	2
cl_14975899	2
cl_14983440	2
cl_14989296	2
cl_15007297	2
cl_15013058	2
cl_15014149	2
cl_15038108	2
cl_15038511	2
cl_15046846	2
cl_15057241	2
cl_15057625	2
cl_15057871	2
cl_15066211	2
cl_15083803	2
cl_15102219	2
cl_1511468	2
cl_15116203	2
cl_15135136	2
cl_15144718	2
cl_15148230	2
cl_15149171	2
cl_15150605	2
cl_15154488	2
cl_1516222	2
cl_15170911	2
cl_15195076	2
cl_15198448	2
cl_15199793	2
cl_15205493	2
cl_15209548	2
cl_15225800	2
cl_15238849	2
cl_15240843	2
cl_15242607	2
cl_15242849	2
cl_15250911	2
cl_15286381	2
cl_15289242	2
cl_15310305	2
cl_15332462	2
cl_15343892	2
cl_1537505	2
cl_15382250	2
cl_15384355	2
cl_1549014	2
cl_1556248	2
cl_1568207	2
cl_1573645	2
cl_157954	2
cl_1581323	2
cl_1585046	2
cl_1588649	2
cl_159393	2
cl_1601832	2
cl_1605497	2
cl_1611013	2
cl_1616061	2
cl_1626851	2
cl_1629613	2
cl_1630967	2
cl_1633640	2
cl_1636416	2
cl_1640320	2
cl_1653181	2
cl_1659084	2
cl_1665579	2
cl_1671314	2
cl_1672256	2
cl_1681118	2
cl_1683149	2
cl_168333	2
cl_1723900	2
cl_1724354	2
cl_1729419	2
cl_1740171	2
cl_1745211	2
cl_1749274	2
cl_175737	2
cl_1757535	2
cl_1757880	2
cl_1770797	2
cl_1772867	2
cl_177357	2
cl_177528	2
cl_1775386	2
cl_1776391	2
cl_1776567	2
cl_1813039	2
cl_1841654	2
cl_1874183	2
cl_1876676	2
cl_1890654	2
cl_1897940	2
cl_1900188	2
cl_190656	2
cl_1913193	2
cl_1914090	2
cl_1915804	2
cl_1916110	2
cl_1925927	2
cl_1928737	2
cl_19387	2
cl_1951357	2
cl_1953033	2
cl_1962122	2
cl_1963578	2
cl_1969460	2
cl_1970444	2
cl_2000759	2
cl_2007939	2
cl_2012046	2
cl_201855	2
cl_2035214	2
cl_2036983	2
cl_2039036	2
cl_205017	2
cl_2065047	2
cl_2085561	2
cl_2088089	2
cl_2090447	2
cl_2091176	2
cl_2110870	2
cl_2111452	2
cl_2115284	2
cl_2116388	2
cl_2117044	2
cl_2126452	2
cl_2137255	2
cl_2147107	2
cl_2147226	2
cl_2153163	2
cl_2154646	2
cl_216206	2
cl_2170217	2
cl_2174905	2
cl_217539	2
cl_2197172	2
cl_2207764	2
cl_2208583	2
cl_2218604	2
cl_2229203	2
cl_2238417	2
cl_2238979	2
cl_2242135	2
cl_2248328	2
cl_2266856	2
cl_2268999	2
cl_2311217	2
cl_2315600	2
cl_2319289	2
cl_2338621	2
cl_2341150	2
cl_2359238	2
cl_2360394	2
cl_2368056	2
cl_237522	2
cl_237565	2
cl_2394176	2
cl_2406471	2
cl_2409984	2
cl_2423409	2
cl_2443037	2
cl_244500	2
cl_2446185	2
cl_2447471	2
cl_2452099	2
cl_2473863	2
cl_2479478	2
cl_249070	2
cl_2492401	2
cl_2521554	2
cl_252829	2
cl_2537377	2
cl_2540465	2
cl_2543203	2
cl_2575830	2
cl_258619	2
cl_2589723	2
cl_2592023	2
cl_26051	2
cl_2605233	2
cl_261041	2
cl_2618998	2
cl_2633046	2
cl_2653875	2
cl_2654302	2
cl_2657843	2
cl_2662596	2
cl_2663503	2
cl_2677898	2
cl_2680178	2
cl_2689849	2
cl_2690744	2
cl_2704324	2
cl_2717956	2
cl_2721009	2
cl_2731136	2
cl_2731591	2
cl_2737389	2
cl_2739156	2
cl_2772866	2
cl_2773437	2
cl_2776746	2
cl_2780911	2
cl_2798408	2
cl_2805545	2
cl_2822931	2
cl_2835563	2
cl_2845899	2
cl_2851734	2
cl_2865956	2
cl_2867772	2
cl_2877156	2
cl_2878577	2
cl_2878704	2
cl_288338	2
cl_2886227	2
cl_2886578	2
cl_2888678	2
cl_2893865	2
cl_2896501	2
cl_291854	2
cl_2919802	2
cl_2948014	2
cl_2955226	2
cl_2958460	2
cl_2965386	2
cl_2967730	2
cl_2972177	2
cl_297490	2
cl_2975650	2
cl_2978184	2
cl_2986804	2
cl_2988059	2
cl_2998200	2
cl_2999425	2
cl_301102	2
cl_3012863	2
cl_3013520	2
cl_3015749	2
cl_301630	2
cl_3018292	2
cl_3018573	2
cl_3025539	2
cl_3030060	2
cl_304795	2
cl_307664	2
cl_3093615	2
cl_3101213	2
cl_3105594	2
cl_3120667	2
cl_3139479	2
cl_3146967	2
cl_3147708	2
cl_3148529	2
cl_3170752	2
cl_3172720	2
cl_3177667	2
cl_3185533	2
cl_3192243	2
cl_321720	2
cl_3236376	2
cl_3238484	2
cl_3241772	2
cl_3255453	2
cl_3255818	2
cl_3262676	2
cl_3271692	2
cl_3278772	2
cl_3282855	2
cl_3284086	2
cl_3287680	2
cl_330911	2
cl_3316372	2
cl_3321780	2
cl_3322797	2
cl_3329474	2
cl_3340006	2
cl_3340257	2
cl_3344993	2
cl_3354754	2
cl_3360390	2
cl_3367533	2
cl_3378326	2
cl_3385874	2
cl_3387709	2
cl_3391561	2
cl_3392270	2
cl_3405919	2
cl_3405938	2
cl_3416692	2
cl_3435365	2
cl_3439431	2
cl_3450213	2
cl_3467616	2
cl_3494347	2
cl_3553744	2
cl_358791	2
cl_3598947	2
cl_3608287	2
cl_3614085	2
cl_3620007	2
cl_3622727	2
cl_3638034	2
cl_3645576	2
cl_3645711	2
cl_3648189	2
cl_365313	2
cl_3655775	2
cl_3673323	2
cl_3695635	2
cl_3696716	2
cl_3705485	2
cl_3712321	2
cl_3734801	2
cl_373480	2
cl_3739892	2
cl_3761475	2
cl_3767740	2
cl_3770040	2
cl_3784869	2
cl_3807070	2
cl_3824212	2
cl_3826396	2
cl_3830537	2
cl_3835070	2
cl_3840034	2
cl_3850668	2
cl_3851905	2
cl_3853552	2
cl_3863634	2
cl_3867263	2
cl_3868184	2
cl_3878961	2
cl_3889950	2
cl_3891983	2
cl_3901461	2
cl_3904040	2
cl_3904820	2
cl_3915082	2
cl_3916782	2
cl_3919090	2
cl_3974696	2
cl_3974856	2
cl_3985370	2
cl_4012472	2
cl_406069	2
cl_4065737	2
cl_4065869	2
cl_4077035	2
cl_4091309	2
cl_4100196	2
cl_4106579	2
cl_4112861	2
cl_4116781	2
cl_4116846	2
cl_4124013	2
cl_4136150	2
cl_4138731	2
cl_4139233	2
cl_4153187	2
cl_4183461	2
cl_4190438	2
cl_419834	2
cl_4200666	2
cl_4233955	2
cl_4239277	2
cl_4241001	2
cl_4275417	2
cl_4283453	2
cl_4285347	2
cl_4288953	2
cl_4292997	2
cl_4301464	2
cl_4302376	2
cl_4303806	2
cl_4308201	2
cl_4312407	2
cl_4329769	2
cl_4332737	2
cl_4334774	2
cl_4347186	2
cl_4367782	2
cl_4389245	2
cl_4391843	2
cl_440893	2
cl_4417768	2
cl_4419861	2
cl_4424559	2
cl_4428854	2
cl_4432508	2
cl_4438512	2
cl_4447420	2
cl_4455450	2
cl_4465757	2
cl_4493666	2
cl_4509244	2
cl_4521825	2
cl_4529760	2
cl_4530130	2
cl_4532456	2
cl_4545673	2
cl_4546954	2
cl_4548698	2
cl_4557183	2
cl_458133	2
cl_4609089	2
cl_4650246	2
cl_4651086	2
cl_4651558	2
cl_4651982	2
cl_4652868	2
cl_4653543	2
cl_4657922	2
cl_4660359	2
cl_4666590	2
cl_4694246	2
cl_4699975	2
cl_4700767	2
cl_4719537	2
cl_4722851	2
cl_4724043	2
cl_4729705	2
cl_476355	2
cl_4767114	2
cl_4767145	2
cl_4789767	2
cl_4800395	2
cl_4809059	2
cl_4812763	2
cl_4817690	2
cl_4822511	2
cl_4833805	2
cl_4835070	2
cl_4847545	2
cl_4860959	2
cl_4861158	2
cl_4864298	2
cl_4869161	2
cl_4869994	2
cl_4872871	2
cl_4880005	2
cl_4900149	2
cl_4909645	2
cl_4910304	2
cl_4950929	2
cl_4954832	2
cl_4957839	2
cl_4962009	2
cl_4969683	2
cl_4974651	2
cl_4977638	2
cl_4998336	2
cl_5006987	2
cl_5014269	2
cl_5023568	2
cl_5029035	2
cl_504981	2
cl_5068292	2
cl_5068647	2
cl_5072903	2
cl_5073043	2
cl_5077130	2
cl_5083734	2
cl_5089112	2
cl_5091122	2
cl_5096600	2
cl_5096848	2
cl_5127103	2
cl_5138139	2
cl_5151110	2
cl_5163196	2
cl_5163531	2
cl_5182140	2
cl_5182719	2
cl_5185752	2
cl_5200676	2
cl_5203176	2
cl_5223790	2
cl_5235476	2
cl_5235492	2
cl_5241034	2
cl_5247431	2
cl_5254239	2
cl_5257281	2
cl_5266940	2
cl_5269316	2
cl_5272061	2
cl_5274500	2
cl_5292914	2
cl_5304162	2
cl_5304299	2
cl_5305429	2
cl_5312882	2
cl_5320009	2
cl_5321528	2
cl_5327730	2
cl_5351794	2
cl_5358315	2
cl_5371400	2
cl_5376926	2
cl_5381109	2
cl_538379	2
cl_5407388	2
cl_5407736	2
cl_5413089	2
cl_5415223	2
cl_5417343	2
cl_5418141	2
cl_5419617	2
cl_5419701	2
cl_5464039	2
cl_54642	2
cl_5470741	2
cl_5472460	2
cl_547524	2
cl_5491016	2
cl_5497203	2
cl_5501022	2
cl_5504007	2
cl_550428	2
cl_5515328	2
cl_5515605	2
cl_5521742	2
cl_5545362	2
cl_5550202	2
cl_5553261	2
cl_5559490	2
cl_5567028	2
cl_5575156	2
cl_5591859	2
cl_5594401	2
cl_5597685	2
cl_5602488	2
cl_5607393	2
cl_5607994	2
cl_5621283	2
cl_5626630	2
cl_5629825	2
cl_5632262	2
cl_5637985	2
cl_5642327	2
cl_5646324	2
cl_5646846	2
cl_5648337	2
cl_5676652	2
cl_5703439	2
cl_5705661	2
cl_5720458	2
cl_572659	2
cl_573117	2
cl_5732764	2
cl_574086	2
cl_5744897	2
cl_5758154	2
cl_5768010	2
cl_5776607	2
cl_5779707	2
cl_5788493	2
cl_5788790	2
cl_5814417	2
cl_5828669	2
cl_5828670	2
cl_5836887	2
cl_5843975	2
cl_5846351	2
cl_5878929	2
cl_5889878	2
cl_5891349	2
cl_5899249	2
cl_5905440	2
cl_5907528	2
cl_590830	2
cl_5916826	2
cl_5946422	2
cl_5958605	2
cl_6001790	2
cl_6006648	2
cl_600791	2
cl_6014526	2
cl_6021409	2
cl_6025845	2
cl_6063694	2
cl_6066271	2
cl_6075276	2
cl_6097977	2
cl_6103492	2
cl_6111869	2
cl_6112602	2
cl_6112633	2
cl_6116333	2
cl_6120380	2
cl_6158971	2
cl_6159969	2
cl_6163993	2
cl_6165535	2
cl_6173241	2
cl_6174344	2
cl_6174384	2
cl_6180799	2
cl_6200028	2
cl_6204062	2
cl_6213323	2
cl_6228786	2
cl_6253804	2
cl_6264530	2
cl_6267592	2
cl_6273906	2
cl_6285615	2
cl_6292826	2
cl_6301729	2
cl_6303618	2
cl_6310711	2
cl_6312584	2
cl_6313256	2
cl_631902	2
cl_6326504	2
cl_6356761	2
cl_6359783	2
cl_6363009	2
cl_6381880	2
cl_6436780	2
cl_6449958	2
cl_6464897	2
cl_6473961	2
cl_6474750	2
cl_6484537	2
cl_6519375	2
cl_6524539	2
cl_6526015	2
cl_6530465	2
cl_6530846	2
cl_6530911	2
cl_654167	2
cl_6544604	2
cl_6544696	2
cl_6552160	2
cl_6553361	2
cl_6557079	2
cl_6560786	2
cl_6587344	2
cl_658843	2
cl_6625728	2
cl_6630040	2
cl_6636380	2
cl_6647545	2
cl_6656147	2
cl_668326	2
cl_6696066	2
cl_6697698	2
cl_6702509	2
cl_6704755	2
cl_670555	2
cl_6710065	2
cl_6710987	2
cl_6735280	2
cl_674159	2
cl_675709	2
cl_6759610	2
cl_676309	2
cl_6765532	2
cl_6770043	2
cl_6771777	2
cl_6781211	2
cl_6783485	2
cl_6797844	2
cl_6809279	2
cl_6810709	2
cl_6828757	2
cl_6842734	2
cl_684968	2
cl_6875289	2
cl_6876867	2
cl_6877872	2
cl_6880506	2
cl_6892415	2
cl_6898679	2
cl_6906993	2
cl_6918252	2
cl_6937479	2
cl_6944405	2
cl_6947455	2
cl_6955792	2
cl_6956226	2
cl_6967110	2
cl_6972806	2
cl_6982233	2
cl_6989062	2
cl_6995449	2
cl_7012431	2
cl_7046428	2
cl_7054895	2
cl_7063864	2
cl_706502	2
cl_7078713	2
cl_7081797	2
cl_7094208	2
cl_7100926	2
cl_7104710	2
cl_7122767	2
cl_7148863	2
cl_7162179	2
cl_7166924	2
cl_716860	2
cl_7179970	2
cl_718867	2
cl_7200360	2
cl_7210684	2
cl_721622	2
cl_7222517	2
cl_7258773	2
cl_7279091	2
cl_7280453	2
cl_7286019	2
cl_7293130	2
cl_7296128	2
cl_7298747	2
cl_7311469	2
cl_7311550	2
cl_7347325	2
cl_7349165	2
cl_736646	2
cl_7372192	2
cl_7386667	2
cl_7391927	2
cl_7396695	2
cl_7401666	2
cl_7420192	2
cl_7447004	2
cl_745567	2
cl_7459368	2
cl_7461216	2
cl_7465821	2
cl_7468945	2
cl_7472917	2
cl_7522589	2
cl_7532715	2
cl_7533763	2
cl_7537288	2
cl_7538767	2
cl_7540962	2
cl_7544075	2
cl_7547514	2
cl_7554844	2
cl_7560354	2
cl_7567856	2
cl_7574252	2
cl_7577172	2
cl_7588344	2
cl_7602582	2
cl_761045	2
cl_7620140	2
cl_7638954	2
cl_7647146	2
cl_7648787	2
cl_7660464	2
cl_7662544	2
cl_7675446	2
cl_7727264	2
cl_7728407	2
cl_7728420	2
cl_7733695	2
cl_7742068	2
cl_7745050	2
cl_7751962	2
cl_7759217	2
cl_776117	2
cl_777466	2
cl_7775207	2
cl_7796624	2
cl_7799364	2
cl_7814385	2
cl_7825729	2
cl_7837528	2
cl_7840421	2
cl_7852825	2
cl_7853997	2
cl_7860318	2
cl_7879920	2
cl_7881584	2
cl_7882831	2
cl_7935749	2
cl_7939136	2
cl_7947703	2
cl_796347	2
cl_7967117	2
cl_7974987	2
cl_7976621	2
cl_7976692	2
cl_7988691	2
cl_8014084	2
cl_8020254	2
cl_8022642	2
cl_8031414	2
cl_8036430	2
cl_8038189	2
cl_8043497	2
cl_8053697	2
cl_8062757	2
cl_806403	2
cl_8071570	2
cl_8079682	2
cl_808056	2
cl_8142125	2
cl_8142614	2
cl_8150860	2
cl_8156527	2
cl_8159434	2
cl_8170104	2
cl_8170652	2
cl_8182631	2
cl_8201269	2
cl_8203851	2
cl_8204856	2
cl_8208358	2
cl_8210106	2
cl_8215865	2
cl_8228479	2
cl_8232637	2
cl_8237299	2
cl_8239514	2
cl_8247276	2
cl_8288656	2
cl_8295135	2
cl_829619	2
cl_8298507	2
cl_8300189	2
cl_8304869	2
cl_8308706	2
cl_8314031	2
cl_8315557	2
cl_8325578	2
cl_8334883	2
cl_8344114	2
cl_8346495	2
cl_8348062	2
cl_8356269	2
cl_8364604	2
cl_8382958	2
cl_8393039	2
cl_8398006	2
cl_8399086	2
cl_8399695	2
cl_8402226	2
cl_841300	2
cl_8413915	2
cl_8417114	2
cl_8419965	2
cl_8430	2
cl_8431301	2
cl_8433475	2
cl_8435958	2
cl_8462863	2
cl_8481926	2
cl_8504302	2
cl_8514151	2
cl_8515581	2
cl_8519987	2
cl_8527147	2
cl_8528634	2
cl_8545843	2
cl_8558304	2
cl_8560445	2
cl_8569863	2
cl_8586954	2
cl_85950	2
cl_8602791	2
cl_860309	2
cl_8605359	2
cl_8610405	2
cl_8614493	2
cl_8615960	2
cl_8616538	2
cl_8620140	2
cl_8623112	2
cl_8626445	2
cl_8631099	2
cl_8659480	2
cl_8662593	2
cl_8668433	2
cl_8690848	2
cl_8714229	2
cl_8724037	2
cl_8724948	2
cl_8731199	2
cl_8737619	2
cl_8762629	2
cl_8767635	2
cl_8769390	2
cl_8773591	2
cl_8790469	2
cl_8801088	2
cl_8828332	2
cl_8837122	2
cl_8851557	2
cl_8865599	2
cl_8866402	2
cl_891183	2
cl_8926175	2
cl_8927601	2
cl_8928571	2
cl_8938745	2
cl_8939897	2
cl_8941358	2
cl_8944219	2
cl_8947513	2
cl_8969647	2
cl_8973335	2
cl_8985553	2
cl_8992665	2
cl_8996820	2
cl_8999828	2
cl_9019584	2
cl_9029069	2
cl_9052244	2
cl_9059714	2
cl_9068716	2
cl_9084053	2
cl_9099569	2
cl_9106392	2
cl_9107181	2
cl_9115524	2
cl_9116314	2
cl_9121062	2
cl_9128479	2
cl_913298	2
cl_9146299	2
cl_9157789	2
cl_9164152	2
cl_9167593	2
cl_9170297	2
cl_9185128	2
cl_9210271	2
cl_9236755	2
cl_9239718	2
cl_9255031	2
cl_9256562	2
cl_9256931	2
cl_9262397	2
cl_9270397	2
cl_9281764	2
cl_9283138	2
cl_9286712	2
cl_929014	2
cl_9291940	2
cl_9295965	2
cl_9300755	2
cl_9306889	2
cl_9323688	2
cl_9324506	2
cl_9334254	2
cl_9334286	2
cl_9335165	2
cl_9353299	2
cl_9355414	2
cl_9356398	2
cl_9371619	2
cl_9388035	2
cl_9400688	2
cl_9414881	2
cl_9420585	2
cl_947029	2
cl_9471994	2
cl_9472372	2
cl_9522489	2
cl_9554691	2
cl_9557622	2
cl_9586386	2
cl_9601385	2
cl_9603062	2
cl_9609372	2
cl_9616825	2
cl_9633942	2
cl_9638470	2
cl_964412	2
cl_965798	2
cl_9661551	2
cl_9662576	2
cl_967167	2
cl_9680841	2
cl_9681343	2
cl_9698552	2
cl_9722374	2
cl_9728047	2
cl_9739261	2
cl_9778333	2
cl_9791243	2
cl_9791431	2
cl_979169	2
cl_9814907	2
cl_9830225	2
cl_9844773	2
cl_9847169	2
cl_9851815	2
cl_98519	2
cl_9863944	2
cl_986560	2
cl_989513	2
cl_9896374	2
cl_9902557	2
cl_9924012	2
cl_9933030	2
cl_9938894	2
cl_9965879	2
cl_9984936	2
cl_999368	2
